[
    {
      "ar": "اليرو",
      "fr": "Alero"
    },
    {
      "ar": "استرو",
      "fr": "Astro"
    },
    {
      "ar": "أفلنش",
      "fr": "Avalanche"
    },
    {
      "ar": "إفيو",
      "fr": "Aveo"
    },
    {
      "ar": "بريتا",
      "fr": "Beretta"
    },
    {
      "ar": "بلازر",
      "fr": "Blazer"
    },
    {
      "ar": "كامارو",
      "fr": "Camaro"
    },
    {
      "ar": "كابريس",
      "fr": "Caprice"
    },
    {
      "ar": "كابتيفا",
      "fr": "Captiva"
    },
    {
      "ar": "كافالي",
      "fr": "Cavalier"
    },
    {
      "ar": "س م ب",
      "fr": "CMP"
    },
    {
      "ar": "كورفيت",
      "fr": "Corvette"
    },
    {
      "ar": "كورفيت كابريو",
      "fr": "Corvette Cabrio"
    },
    {
      "ar": "س ر 8",
      "fr": "CR8"
    },
    {
      "ar": "كروز",
      "fr": "Cruze"
    },
    {
      "ar": "الكامينو",
      "fr": "El Camino"
    },
    {
      "ar": "إبيكا",
      "fr": "Epica"
    },
    {
      "ar": "يكسبريس",
      "fr": "EXPRESS"
    },
    {
      "ar": "أش أش إر",
      "fr": "HHR"
    },
    {
      "ar": "لاسيتي",
      "fr": "Lacetti"
    },
    {
      "ar": "ميترو",
      "fr": "METRO"
    },
    {
      "ar": "مونتي-كارلو",
      "fr": "MONTE-CARLO"
    },
    {
      "ar": "نوبيرا إسو",
      "fr": "NUBIRA SW"
    },
    {
      "ar": "أوبترا",
      "fr": "Optra"
    },
    {
      "ar": "س-10",
      "fr": "S-10"
    },
    {
      "ar": "سيلفيرادو",
      "fr": "SILVERADO"
    },
    {
      "ar": "سبارك",
      "fr": "Spark"
    },
    {
      "ar": "سر",
      "fr": "SSR"
    },
    {
      "ar": "سوبوربان",
      "fr": "SUBURBAN"
    },
    {
      "ar": "تاكوما",
      "fr": "TACUMA"
    },
    {
      "ar": "تاهوي",
      "fr": "Tahoe"
    },
    {
      "ar": "ترأككير",
      "fr": "TRACKER"
    },
    {
      "ar": "تريل بليزر",
      "fr": "Trailblazer"
    },
    {
      "ar": "ترانس إسبورت",
      "fr": "TRANS SPORT"
    },
    {
      "ar": "ترافيرسي",
      "fr": "TRAVERSE"
    },
    {
      "ar": "وبلاندير",
      "fr": "UPLANDER"
    }
  ]