[
    {
        "ar": "اسبيرو",
        "fr": "Espero"
    },
    {
        "ar": "افاندا",
        "fr": "Evanda"
    },
    {
        "ar": "كالوس",
        "fr": "Kalos"
    },
    {
        "ar": "كوراندو",
        "fr": "Korando"
    },
    {
        "ar": "لاسيتي",
        "fr": "Lacetti"
    },
    {
        "ar": "لانوس",
        "fr": "Lanos"
    },
    {
        "ar": "ماتيز",
        "fr": "Matiz"
    },
    {
        "ar": "موسو",
        "fr": "Musso"
    },
    {
        "ar": "نيكسيا",
        "fr": "Nexia"
    },
    {
        "ar": "نوبيرا",
        "fr": "Nubira"
    },
    {
        "ar": "ريزو",
        "fr": "Rezzo"
    }
]