[
    {
        "ar": "آكورد",
        "fr": "Accord"
    },
    {
        "ar": "اكتي",
        "fr": "ACTY"
    },
    {
        "ar": "ايروديسك",
        "fr": "AERODECK"
    },
    {
        "ar": "بوس",
        "fr": "BOSS"
    },
    {
        "ar": "سيتي",
        "fr": "City"
    },
    {
        "ar": "سيفيك",
        "fr": "Civic"
    },
    {
        "ar": "كونسيرتو",
        "fr": "CONCERTO"
    },
    {
        "ar": "سي إر في",
        "fr": "CR-V"
    },
    {
        "ar": "كر-كس",
        "fr": "CR-X"
    },
    {
        "ar": "فر-ف",
        "fr": "FR-V"
    },
    {
        "ar": "هر-ف",
        "fr": "HR-V"
    },
    {
        "ar": "ينتيجرا",
        "fr": "INTEGRA"
    },
    {
        "ar": "جاز",
        "fr": "Jazz"
    },
    {
        "ar": "ليجند",
        "fr": "Legend"
    },
    {
        "ar": "لوجو",
        "fr": "LOGO"
    },
    {
        "ar": "نإيس إيكس",
        "fr": "NSX"
    },
    {
        "ar": "ٱوديسي",
        "fr": "Odyssey"
    },
    {
        "ar": "بريلودي",
        "fr": "PRELUDE"
    },
    {
        "ar": "س 2000",
        "fr": "S 2000"
    },
    {
        "ar": "شوتتلي",
        "fr": "SHUTTLE"
    },
    {
        "ar": "ستريام",
        "fr": "STREAM"
    },
    {
        "ar": "فيكور",
        "fr": "Vigor"
    }
]