[
    {
        "ar": "121",
        "fr": "121"
    },
    {
        "ar": "2",
        "fr": "2"
    },
    {
        "ar": "3",
        "fr": "3"
    },
    {
        "ar": "323",
        "fr": "323"
    },
    {
        "ar": "5",
        "fr": "5"
    },
    {
        "ar": "6",
        "fr": "6"
    },
    {
        "ar": "626",
        "fr": "626"
    },
    {
        "ar": "929",
        "fr": "929"
    },
    {
        "ar": "استينا",
        "fr": "ASTINA"
    },
    {
        "ar": "ب 2500",
        "fr": "B 2500"
    },
    {
        "ar": "بي كا",
        "fr": "BK"
    },
    {
        "ar": "بونجو",
        "fr": "BONGO"
    },
    {
        "ar": "Bبي تي-50",
        "fr": "BT-50"
    },
    {
        "ar": "سي إيكس-3",
        "fr": "CX-3"
    },
    {
        "ar": "سي إيكس-5",
        "fr": "CX-5"
    },
    {
        "ar": "سي إكس-9",
        "fr": "CX-9"
    },
    {
        "ar": "سي إيكس7",
        "fr": "CX7"
    },
    {
        "ar": "ديميو",
        "fr": "DEMIO"
    },
    {
        "ar": "ي2000",
        "fr": "E2000"
    },
    {
        "ar": "فاميليا",
        "fr": "FAMILIA"
    },
    {
        "ar": "مبف",
        "fr": "MPV"
    },
    {
        "ar": "إم إكس-5",
        "fr": "MX-5"
    },
    {
        "ar": "مكس3",
        "fr": "MX3"
    },
    {
        "ar": "مكس6",
        "fr": "MX6"
    },
    {
        "ar": "بريمأكي",
        "fr": "PREMACY"
    },
    {
        "ar": "إر إكس - 8",
        "fr": "RX-8"
    },
    {
        "ar": "ركس7",
        "fr": "RX7"
    },
    {
        "ar": "سبورتيفا",
        "fr": "SPORTIVA"
    },
    {
        "ar": "تريبوتي",
        "fr": "TRIBUTE"
    },
    {
        "ar": "كسيدوس",
        "fr": "XEDOS"
    }
]