[
    {
        "ar": "25",
        "fr": "25"
    },
    {
        "ar": "45",
        "fr": "45"
    },
    {
        "ar": "75",
        "fr": "75"
    },
    {
        "ar": "ميني",
        "fr": "Mini"
    },
    {
        "ar": "SD1",
        "fr": "SD1"
    },
    {
        "ar": "Serie 100",
        "fr": "Serie 100"
    },
    {
        "ar": "Serie 200",
        "fr": "Serie 200"
    },
    {
        "ar": "Serie 400",
        "fr": "Serie 400"
    },
    {
        "ar": "Serie 600",
        "fr": "Serie 600"
    },
    {
        "ar": "Serie 800",
        "fr": "Serie 800"
    },
    {
        "ar": "ستريت وايز",
        "fr": "Streetwise"
    }
]