[
    {
        "ar": "100",
        "fr": "100"
    },
    {
        "ar": "200",
        "fr": "200"
    },
    {
        "ar": "80",
        "fr": "80"
    },
    {
        "ar": "90",
        "fr": "90"
    },
    {
        "ar": "أ 1",
        "fr": "A1"
    },
    {
        "ar": "أ 2",
        "fr": "A2"
    },
    {
        "ar": "أ 3",
        "fr": "A3"
    },
    {
        "ar": "أ 4",
        "fr": "A4"
    },
    {
        "ar": "أ 5",
        "fr": "A5"
    },
    {
        "ar": "أ 6",
        "fr": "A6"
    },
    {
        "ar": "أ 7",
        "fr": "A7"
    },
    {
        "ar": "أ 8",
        "fr": "A8"
    },
    {
        "ar": "الرود",
        "fr": "Allroad"
    },
    {
        "ar": "كوبي",
        "fr": "Coupe"
    },
    {
        "ar": "ك 3",
        "fr": "Q3"
    },
    {
        "ar": "ك 5",
        "fr": "Q5"
    },
    {
        "ar": "ك 7",
        "fr": "Q7"
    },
    {
        "ar": "ك 8",
        "fr": "Q8"
    },
    {
        "ar": "ر 8",
        "fr": "R8"
    },
    {
        "ar": "ر س 2",
        "fr": "RS2"
    },
    {
        "ar": "ر س 3",
        "fr": "RS3"
    },
    {
        "ar": "ر س 4",
        "fr": "RS4"
    },
    {
        "ar": "ر س 5",
        "fr": "RS5"
    },
    {
        "ar": "ر س 6",
        "fr": "RS6"
    },
    {
        "ar": "س 2",
        "fr": "S2"
    },
    {
        "ar": "س 3",
        "fr": "S3"
    },
    {
        "ar": "س 4",
        "fr": "S4"
    },
    {
        "ar": "س 5",
        "fr": "S5"
    },
    {
        "ar": "س 6",
        "fr": "S6"
    },
    {
        "ar": "س 8",
        "fr": "S8"
    },
    {
        "ar": "ت ت",
        "fr": "TT"
    },
    {
        "ar": "ت ت س",
        "fr": "TTS"
    },
    {
        "ar": "ڤ 8",
        "fr": "V8"
    }
]