[
    {
        "ar": "4رونير",
        "fr": "4RUNNER"
    },
    {
        "ar": "أوريس",
        "fr": "Auris"
    },
    {
        "ar": "أفنسيس",
        "fr": "Avensis"
    },
    {
        "ar": "افينسيس فيرسو",
        "fr": "AVENSIS VERSO"
    },
    {
        "ar": "آيكو",
        "fr": "Aygo"
    },
    {
        "ar": "C-HR",
        "fr": "C-HR"
    },
    {
        "ar": "كامري",
        "fr": "Camry"
    },
    {
        "ar": "كارينا",
        "fr": "CARINA"
    },
    {
        "ar": "سيليكا",
        "fr": "CELICA"
    },
    {
        "ar": "كورولا",
        "fr": "Corolla"
    },
    {
        "ar": "كورولا فيرسو",
        "fr": "Corolla verso"
    },
    {
        "ar": "كورونا",
        "fr": "CORONA"
    },
    {
        "ar": "إف جي",
        "fr": "FJ"
    },
    {
        "ar": "فج كرويسير",
        "fr": "FJ CRUISER"
    },
    {
        "ar": "هاي ٱس",
        "fr": "Hi Ace"
    },
    {
        "ar": "هيجهلاندير",
        "fr": "HIGHLANDER"
    },
    {
        "ar": "هيلوكس",
        "fr": "Hilux"
    },
    {
        "ar": "لاند كروزر",
        "fr": "Land Cruiser"
    },
    {
        "ar": "ليكسوس",
        "fr": "LEXUS"
    },
    {
        "ar": "ليتي أكي",
        "fr": "LITE ACE"
    },
    {
        "ar": "مر",
        "fr": "MR"
    },
    {
        "ar": "باسيو",
        "fr": "PASEO"
    },
    {
        "ar": "بيكنيك",
        "fr": "PICNIC"
    },
    {
        "ar": "برادو",
        "fr": "Prado"
    },
    {
        "ar": "بريفيا",
        "fr": "PREVIA"
    },
    {
        "ar": "بريوس",
        "fr": "Prius"
    },
    {
        "ar": "RAV 4",
        "fr": "RAV 4"
    },
    {
        "ar": "رونير",
        "fr": "RUNNER"
    },
    {
        "ar": "سيينا",
        "fr": "SIENNA"
    },
    {
        "ar": "ستارليت",
        "fr": "STARLET"
    },
    {
        "ar": "سوبرا",
        "fr": "SUPRA"
    },
    {
        "ar": "ترسيل",
        "fr": "Tercel"
    },
    {
        "ar": "توندرا",
        "fr": "TUNDRA"
    },
    {
        "ar": "فيرسو",
        "fr": "VERSO"
    },
    {
        "ar": "ياريس",
        "fr": "Yaris"
    },
    {
        "ar": "ياريس فيرسو",
        "fr": "Yaris Verso"
    }
]