[
    {
        "ar": "أرناج",
        "fr": "Arnage"
    },
    {
        "ar": "أزور",
        "fr": "Azure"
    },
    {
        "ar": "بنتايكا",
        "fr": "Bentayga"
    },
    {
        "ar": "بروكلاندس",
        "fr": "Brooklands"
    },
    {
        "ar": "كمرج",
        "fr": "Camargue"
    },
    {
        "ar": "كونتيننتال فلايين سبور",
        "fr": "Continental Flying Spur"
    },
    {
        "ar": "كونتيننتال ج ت",
        "fr": "Continental gt"
    },
    {
        "ar": "كونتيننتال ج ت كوبي",
        "fr": "Continental gt coupé"
    },
    {
        "ar": "كونتيننتال ج ت س",
        "fr": "Continental gtc"
    },
    {
        "ar": "كونتيننتال ر",
        "fr": "Continental r"
    },
    {
        "ar": "كونتيننتال س",
        "fr": "Continental s"
    },
    {
        "ar": "كونتيننتال ت",
        "fr": "Continental t"
    },
    {
        "ar": "كورنيش كنڤرتبل",
        "fr": "Corniche convertible"
    },
    {
        "ar": "كورنيش كوبي",
        "fr": "Corniche coupé"
    },
    {
        "ar": "أيت",
        "fr": "Eight"
    },
    {
        "ar": "ملزان",
        "fr": "Mulsanne"
    },
    {
        "ar": "ت سيريز",
        "fr": "T series"
    },
    {
        "ar": "توربو ر",
        "fr": "Turbo r"
    }
]