[
    {
        "ar": "ا 1",
        "fr": "a1"
    },
    {
        "ar": "A113",
        "fr": "A113"
    },
    {
        "ar": "ا 3",
        "fr": "a3"
    },
    {
        "ar": "ا 5",
        "fr": "a5"
    },
    {
        "ar": "A516",
        "fr": "A516"
    },
    {
        "ar": "إيستار",
        "fr": "Eastar"
    },
    {
        "ar": "QQ",
        "fr": "QQ"
    },
    {
        "ar": "QQ6",
        "fr": "QQ6"
    },
    {
        "ar": "تيكو",
        "fr": "Tiggo"
    },
    {
        "ar": "ف 5",
        "fr": "v5"
    },
    {
        "ar": "V525",
        "fr": "V525"
    }
]