[
    {
        "ar": "2 سيف",
        "fr": "2 CV"
    },
    {
        "ar": "اكس",
        "fr": "AX"
    },
    {
        "ar": "برلينغو",
        "fr": "Berlingo"
    },
    {
        "ar": "بكس",
        "fr": "BX"
    },
    {
        "ar": "س-كروسير",
        "fr": "C-CROSSER"
    },
    {
        "ar": "س-يليسيي",
        "fr": "C-ELYSEE"
    },
    {
        "ar": "سي-إليزي",
        "fr": "C-Elysée"
    },
    {
        "ar": "سي1",
        "fr": "C1"
    },
    {
        "ar": "س15",
        "fr": "C15"
    },
    {
        "ar": "سي2",
        "fr": "C2"
    },
    {
        "ar": "س25",
        "fr": "C25"
    },
    {
        "ar": "سي3",
        "fr": "C3"
    },
    {
        "ar": "سي3 كاكتوس",
        "fr": "C3 Cactus"
    },
    {
        "ar": "سي3 بيكاسو",
        "fr": "C3 Picasso"
    },
    {
        "ar": "س3 بلورييل",
        "fr": "C3 PLURIEL"
    },
    {
        "ar": "س35",
        "fr": "C35"
    },
    {
        "ar": "سي4",
        "fr": "C4"
    },
    {
        "ar": "سي4 إيركروس",
        "fr": "C4 Aircross"
    },
    {
        "ar": "س4 كاكتوس",
        "fr": "C4 CACTUS"
    },
    {
        "ar": "سي4 بيكاسو",
        "fr": "C4 Picasso"
    },
    {
        "ar": "سي5",
        "fr": "C5"
    },
    {
        "ar": "سي6",
        "fr": "C6"
    },
    {
        "ar": "سي8",
        "fr": "C8"
    },
    {
        "ar": "سي إيكس",
        "fr": "CX"
    },
    {
        "ar": "دس",
        "fr": "DS"
    },
    {
        "ar": "دس19",
        "fr": "DS19"
    },
    {
        "ar": "دس20",
        "fr": "DS20"
    },
    {
        "ar": "دس21",
        "fr": "DS21"
    },
    {
        "ar": "دس23",
        "fr": "DS23"
    },
    {
        "ar": "دي إس3",
        "fr": "DS3"
    },
    {
        "ar": "دي إس4",
        "fr": "DS4"
    },
    {
        "ar": "دي إس5",
        "fr": "DS5"
    },
    {
        "ar": "يفاسيون",
        "fr": "EVASION"
    },
    {
        "ar": "جراند سي4 بيكاسو",
        "fr": "GRAND C4 PICASSO"
    },
    {
        "ar": "جامپر",
        "fr": "Jumper"
    },
    {
        "ar": "جامبي",
        "fr": "Jumpy"
    },
    {
        "ar": "نيمو",
        "fr": "Nemo"
    },
    {
        "ar": "ساكسو",
        "fr": "SAXO"
    },
    {
        "ar": "سم",
        "fr": "SM"
    },
    {
        "ar": "فيسا",
        "fr": "VISA"
    },
    {
        "ar": "كسانتيا",
        "fr": "XANTIA"
    },
    {
        "ar": "كسم",
        "fr": "XM"
    },
    {
        "ar": "كسسارا",
        "fr": "XSARA"
    },
    {
        "ar": "كزارا بيكاسو",
        "fr": "Xsara Picasso"
    },
    {
        "ar": "زكس",
        "fr": "ZX"
    }
]