[
    {
        "ar": "بيدفورد",
        "fr": "BEDFORD"
    },
    {
        "ar": "س ماكس",
        "fr": "C-Max"
    },
    {
        "ar": "كابري",
        "fr": "CAPRI"
    },
    {
        "ar": "أريد الاتصال على حسابي",
        "fr": "CONNECT"
    },
    {
        "ar": "كووجار",
        "fr": "COUGAR"
    },
    {
        "ar": "كووريير",
        "fr": "COURRIER"
    },
    {
        "ar": "كروون فيكتوريا",
        "fr": "CROWN VICTORIA"
    },
    {
        "ar": "إكوسبور",
        "fr": "Ecosport"
    },
    {
        "ar": "يدجي",
        "fr": "EDGE"
    },
    {
        "ar": "يسكابي",
        "fr": "ESCAPE"
    },
    {
        "ar": "يسكورت",
        "fr": "ESCORT"
    },
    {
        "ar": "يكسكورسيون",
        "fr": "EXCURSION"
    },
    {
        "ar": "إكسبيدسيون",
        "fr": "Expedition"
    },
    {
        "ar": "يكسبلورير",
        "fr": "EXPLORER"
    },
    {
        "ar": "إف150",
        "fr": "F150"
    },
    {
        "ar": "إف250",
        "fr": "F250"
    },
    {
        "ar": "إف350",
        "fr": "F350"
    },
    {
        "ar": "فييسطا",
        "fr": "Fiesta"
    },
    {
        "ar": "فوكس",
        "fr": "Focus"
    },
    {
        "ar": "فوكوس سي-ماكس",
        "fr": "FOCUS C-MAX"
    },
    {
        "ar": "فزيون",
        "fr": "Fusion"
    },
    {
        "ar": "كلاكسي",
        "fr": "Galaxy"
    },
    {
        "ar": "جت",
        "fr": "GT"
    },
    {
        "ar": "كا",
        "fr": "Ka"
    },
    {
        "ar": "كوكا",
        "fr": "Kuga"
    },
    {
        "ar": "مافيريكك",
        "fr": "MAVERICK"
    },
    {
        "ar": "مينيبوس",
        "fr": "MINIBUS"
    },
    {
        "ar": "مونديو",
        "fr": "Mondeo"
    },
    {
        "ar": "موستانغ",
        "fr": "Mustang"
    },
    {
        "ar": "وريون",
        "fr": "ORION"
    },
    {
        "ar": "بروبي",
        "fr": "PROBE"
    },
    {
        "ar": "بوما",
        "fr": "PUMA"
    },
    {
        "ar": "رنجر",
        "fr": "Ranger"
    },
    {
        "ar": "إس ماكس",
        "fr": "S-Max"
    },
    {
        "ar": "سكوربيو",
        "fr": "SCORPIO"
    },
    {
        "ar": "سييرا",
        "fr": "SIERRA"
    },
    {
        "ar": "سترييت كا",
        "fr": "STREET KA"
    },
    {
        "ar": "سوبير دوتي",
        "fr": "SUPER DUTY"
    },
    {
        "ar": "تهونديربيرد",
        "fr": "THUNDERBIRD"
    },
    {
        "ar": "تورنيو",
        "fr": "Tourneo"
    },
    {
        "ar": "ترانزيت",
        "fr": "Transit"
    },
    {
        "ar": "فيكتوريا",
        "fr": "VICTORIA"
    }
]