[
    {
      "ar": "أكسنت",
      "fr": "Accent"
    },
    {
      "ar": "أطوس",
      "fr": "Atos"
    },
    {
      "ar": "أطوس بريم",
      "fr": "Atos Prime"
    },
    {
      "ar": "أزيرا",
      "fr": "Azera"
    },
    {
      "ar": "سينتينيال",
      "fr": "CENTENNIAL"
    },
    {
      "ar": "كوونتي",
      "fr": "COUNTY"
    },
    {
      "ar": "كوبي",
      "fr": "Coupe"
    },
    {
      "ar": "كريتا",
      "fr": "CRETA"
    },
    {
      "ar": "إلنترا",
      "fr": "Elantra"
    },
    {
      "ar": "يكسسيل",
      "fr": "EXCEL"
    },
    {
      "ar": "جالوبير",
      "fr": "GALLOPER"
    },
    {
      "ar": "جنسيس",
      "fr": "Genesis"
    },
    {
      "ar": "جيتز",
      "fr": "GETZ"
    },
    {
      "ar": "ڭراند إي 10",
      "fr": "Grand i10"
    },
    {
      "ar": "جرانديور",
      "fr": "GRANDEUR"
    },
    {
      "ar": "ه",
      "fr": "H"
    },
    {
      "ar": "أش-1",
      "fr": "H-1"
    },
    {
      "ar": "أش-100",
      "fr": "H-100"
    },
    {
      "ar": "ه200",
      "fr": "H200"
    },
    {
      "ar": "إي 10",
      "fr": "i 10"
    },
    {
      "ar": "إي 20",
      "fr": "i 20"
    },
    {
      "ar": "إي 30",
      "fr": "i 30"
    },
    {
      "ar": "إي 40",
      "fr": "i 40"
    },
    {
      "ar": "ix 35",
      "fr": "ix 35"
    },
    {
      "ar": "يكس55",
      "fr": "IX55"
    },
    {
      "ar": "لانترا",
      "fr": "LANTRA"
    },
    {
      "ar": "ماتركس",
      "fr": "Matrix"
    },
    {
      "ar": "بوني",
      "fr": "PONY"
    },
    {
      "ar": "سانتا في",
      "fr": "Santa Fe"
    },
    {
      "ar": "سانتامو",
      "fr": "SANTAMO"
    },
    {
      "ar": "ساتيليتي",
      "fr": "SATELLITE"
    },
    {
      "ar": "سوناتا",
      "fr": "SONATA"
    },
    {
      "ar": "سونيكا",
      "fr": "SONICA"
    },
    {
      "ar": "تيراكان",
      "fr": "TERRACAN"
    },
    {
      "ar": "تراجيت",
      "fr": "TRAJET"
    },
    {
      "ar": "طوكسون",
      "fr": "Tucson"
    },
    {
      "ar": "فيلوستير",
      "fr": "VELOSTER"
    },
    {
      "ar": "فيراكروز",
      "fr": "Veracruz"
    },
    {
      "ar": "كسج",
      "fr": "XG"
    }
  ]