[
    {
        "ar": "بيستا",
        "fr": "BESTA"
    },
    {
        "ar": "كادينزا",
        "fr": "CADENZA"
    },
    {
        "ar": "كارنس",
        "fr": "Carens"
    },
    {
        "ar": "كارنيفال",
        "fr": "CARNIVAL"
    },
    {
        "ar": "سييد",
        "fr": "Ceed"
    },
    {
        "ar": "سيراطو",
        "fr": "Cerato"
    },
    {
        "ar": "كلاروس",
        "fr": "CLARUS"
    },
    {
        "ar": "كومبي",
        "fr": "COMBI"
    },
    {
        "ar": "كا2500",
        "fr": "K2500"
    },
    {
        "ar": "كا2700",
        "fr": "K2700"
    },
    {
        "ar": "ماجينتيس",
        "fr": "MAGENTIS"
    },
    {
        "ar": "موهاف",
        "fr": "Mohave"
    },
    {
        "ar": "أوبريوس",
        "fr": "Opirus"
    },
    {
        "ar": "أوبتيما",
        "fr": "Optima"
    },
    {
        "ar": "بيكانتو",
        "fr": "Picanto"
    },
    {
        "ar": "بريجيو",
        "fr": "PREGIO"
    },
    {
        "ar": "بريدي",
        "fr": "PRIDE"
    },
    {
        "ar": "بروسيد",
        "fr": "Proceed"
    },
    {
        "ar": "ريو",
        "fr": "Rio"
    },
    {
        "ar": "سيبهيا",
        "fr": "SEPHIA"
    },
    {
        "ar": "شوما",
        "fr": "SHUMA"
    },
    {
        "ar": "صورنطو",
        "fr": "Sorento"
    },
    {
        "ar": "سول",
        "fr": "Soul"
    },
    {
        "ar": "سبورطاج",
        "fr": "Sportage"
    }
]