[
    {
        "ar": "145",
        "fr": "145"
    },
    {
        "ar": "146",
        "fr": "146"
    },
    {
        "ar": "147",
        "fr": "147"
    },
    {
        "ar": "147 جتا",
        "fr": "147 gta"
    },
    {
        "ar": "155",
        "fr": "155"
    },
    {
        "ar": "156",
        "fr": "156"
    },
    {
        "ar": "159",
        "fr": "159"
    },
    {
        "ar": "164",
        "fr": "164"
    },
    {
        "ar": "166",
        "fr": "166"
    },
    {
        "ar": "33",
        "fr": "33"
    },
    {
        "ar": "4س",
        "fr": "4C"
    },
    {
        "ar": "75",
        "fr": "75"
    },
    {
        "ar": "8 س",
        "fr": "8c"
    },
    {
        "ar": "بريرا",
        "fr": "Brera"
    },
    {
        "ar": "جيوليا",
        "fr": "GIULIA"
    },
    {
        "ar": "جوليتا",
        "fr": "Giulietta"
    },
    {
        "ar": "جيتي",
        "fr": "Gt"
    },
    {
        "ar": "جتف",
        "fr": "Gtv"
    },
    {
        "ar": "ميتو",
        "fr": "Mito"
    },
    {
        "ar": "سبايدر",
        "fr": "Spider"
    },
    {
        "ar": "ستيلفيو",
        "fr": "Stelvio"
    }
]