[
    {
        "ar": "240إيس إيكس",
        "fr": "240SX"
    },
    {
        "ar": "280",
        "fr": "280"
    },
    {
        "ar": "300",
        "fr": "300"
    },
    {
        "ar": "350Z",
        "fr": "350Z"
    },
    {
        "ar": "370Z",
        "fr": "370Z"
    },
    {
        "ar": "الميرا",
        "fr": "ALMERA"
    },
    {
        "ar": "آلتيما",
        "fr": "Altima"
    },
    {
        "ar": "بلويبيرد",
        "fr": "BLUEBIRD"
    },
    {
        "ar": "كابستار",
        "fr": "CABSTAR"
    },
    {
        "ar": "يفاليا",
        "fr": "EVALIA"
    },
    {
        "ar": "جتر",
        "fr": "GTR"
    },
    {
        "ar": "إنفينيتي",
        "fr": "INFINITI"
    },
    {
        "ar": "جيوك",
        "fr": "Juke"
    },
    {
        "ar": "كينج كاب",
        "fr": "KING CAB"
    },
    {
        "ar": "كينج دووبلي كاب",
        "fr": "KING DOUBLE CAB"
    },
    {
        "ar": "كوبيستار",
        "fr": "KUBISTAR"
    },
    {
        "ar": "ماكسيما",
        "fr": "MAXIMA"
    },
    {
        "ar": "ميكرا",
        "fr": "Micra"
    },
    {
        "ar": "مورانو",
        "fr": "Murano"
    },
    {
        "ar": "نافارا",
        "fr": "Navara"
    },
    {
        "ar": "نوتي",
        "fr": "NOTE"
    },
    {
        "ar": "باتفاندر",
        "fr": "Pathfinder"
    },
    {
        "ar": "باترول",
        "fr": "PATROL"
    },
    {
        "ar": "باترول جي إر",
        "fr": "Patrol GR"
    },
    {
        "ar": "بيك آب",
        "fr": "Pick up"
    },
    {
        "ar": "برايريي",
        "fr": "PRAIRIE"
    },
    {
        "ar": "بريماستار",
        "fr": "PRIMASTAR"
    },
    {
        "ar": "بريميرا",
        "fr": "primera"
    },
    {
        "ar": "كاشكاي",
        "fr": "Qashqai"
    },
    {
        "ar": "روك",
        "fr": "Rogue"
    },
    {
        "ar": "سيرينا",
        "fr": "SERENA"
    },
    {
        "ar": "صاني",
        "fr": "Sunny"
    },
    {
        "ar": "تيرانو",
        "fr": "TERRANO"
    },
    {
        "ar": "تيدا",
        "fr": "Tiida"
    },
    {
        "ar": "تينو",
        "fr": "TINO"
    },
    {
        "ar": "ترادي",
        "fr": "TRADE"
    },
    {
        "ar": "ورفان",
        "fr": "URVAN"
    },
    {
        "ar": "فانيتتي",
        "fr": "VANETTE"
    },
    {
        "ar": "فيرسا",
        "fr": "VERSA"
    },
    {
        "ar": "إكس تريل",
        "fr": "X-Trail"
    }
]