[
    {
        "ar": "ادام",
        "fr": "ADAM"
    },
    {
        "ar": "أجيلا",
        "fr": "Agila"
    },
    {
        "ar": "انتارا",
        "fr": "ANTARA"
    },
    {
        "ar": "اسكونا",
        "fr": "ASCONA"
    },
    {
        "ar": "أسترا",
        "fr": "Astra"
    },
    {
        "ar": "كاليبرا",
        "fr": "CALIBRA"
    },
    {
        "ar": "كامبو",
        "fr": "CAMPO"
    },
    {
        "ar": "كومبو",
        "fr": "COMBO"
    },
    {
        "ar": "كورسا",
        "fr": "Corsa"
    },
    {
        "ar": "فرونتيرا",
        "fr": "FRONTERA"
    },
    {
        "ar": "جت",
        "fr": "GT"
    },
    {
        "ar": "أنسينيا",
        "fr": "Insignia"
    },
    {
        "ar": "كاديتت",
        "fr": "KADETT"
    },
    {
        "ar": "مريفا",
        "fr": "Meriva"
    },
    {
        "ar": "موككا",
        "fr": "MOKKA"
    },
    {
        "ar": "مونتيريي",
        "fr": "MONTEREY"
    },
    {
        "ar": "موفانو",
        "fr": "MOVANO"
    },
    {
        "ar": "وميجا",
        "fr": "OMEGA"
    },
    {
        "ar": "وبس",
        "fr": "OPC"
    },
    {
        "ar": "ريكورد",
        "fr": "REKORD"
    },
    {
        "ar": "سيجنوم",
        "fr": "SIGNUM"
    },
    {
        "ar": "سينترا",
        "fr": "SINTRA"
    },
    {
        "ar": "سبييدستير",
        "fr": "SPEEDSTER"
    },
    {
        "ar": "تيكرا",
        "fr": "Tigra"
    },
    {
        "ar": "فيكترا",
        "fr": "Vectra"
    },
    {
        "ar": "فيفارو",
        "fr": "VIVARO"
    },
    {
        "ar": "زافيرا",
        "fr": "Zafira"
    }
]