[
    {
        "ar": "1007",
        "fr": "1007"
    },
    {
        "ar": "104",
        "fr": "104"
    },
    {
        "ar": "106",
        "fr": "106"
    },
    {
        "ar": "107",
        "fr": "107"
    },
    {
        "ar": "108",
        "fr": "108"
    },
    {
        "ar": "2008",
        "fr": "2008"
    },
    {
        "ar": "204",
        "fr": "204"
    },
    {
        "ar": "205",
        "fr": "205"
    },
    {
        "ar": "206",
        "fr": "206"
    },
    {
        "ar": "206 سيس",
        "fr": "206 CC"
    },
    {
        "ar": "206 إسو",
        "fr": "206 SW"
    },
    {
        "ar": "206+",
        "fr": "206+"
    },
    {
        "ar": "207",
        "fr": "207"
    },
    {
        "ar": "207 سيس",
        "fr": "207 CC"
    },
    {
        "ar": "207 إسو",
        "fr": "207 SW"
    },
    {
        "ar": "208",
        "fr": "208"
    },
    {
        "ar": "3008",
        "fr": "3008"
    },
    {
        "ar": "301",
        "fr": "301"
    },
    {
        "ar": "304",
        "fr": "304"
    },
    {
        "ar": "305",
        "fr": "305"
    },
    {
        "ar": "306",
        "fr": "306"
    },
    {
        "ar": "307",
        "fr": "307"
    },
    {
        "ar": "307 سيس",
        "fr": "307 CC"
    },
    {
        "ar": "307 إسو",
        "fr": "307 SW"
    },
    {
        "ar": "308",
        "fr": "308"
    },
    {
        "ar": "308 إسو",
        "fr": "308 SW"
    },
    {
        "ar": "309",
        "fr": "309"
    },
    {
        "ar": "4007",
        "fr": "4007"
    },
    {
        "ar": "4008",
        "fr": "4008"
    },
    {
        "ar": "403",
        "fr": "403"
    },
    {
        "ar": "404",
        "fr": "404"
    },
    {
        "ar": "405",
        "fr": "405"
    },
    {
        "ar": "406",
        "fr": "406"
    },
    {
        "ar": "407",
        "fr": "407"
    },
    {
        "ar": "407 كووبي",
        "fr": "407 COUPE"
    },
    {
        "ar": "407 إسو",
        "fr": "407 SW"
    },
    {
        "ar": "5008",
        "fr": "5008"
    },
    {
        "ar": "504",
        "fr": "504"
    },
    {
        "ar": "505",
        "fr": "505"
    },
    {
        "ar": "506",
        "fr": "506"
    },
    {
        "ar": "507",
        "fr": "507"
    },
    {
        "ar": "508",
        "fr": "508"
    },
    {
        "ar": "604",
        "fr": "604"
    },
    {
        "ar": "605",
        "fr": "605"
    },
    {
        "ar": "607",
        "fr": "607"
    },
    {
        "ar": "806",
        "fr": "806"
    },
    {
        "ar": "807",
        "fr": "807"
    },
    {
        "ar": "بيبر",
        "fr": "Bipper"
    },
    {
        "ar": "بوكسر",
        "fr": "Boxer"
    },
    {
        "ar": "إكسبير",
        "fr": "Expert"
    },
    {
        "ar": "ج5",
        "fr": "J5"
    },
    {
        "ar": "ج9",
        "fr": "J9"
    },
    {
        "ar": "بارتنر",
        "fr": "Partner"
    },
    {
        "ar": "RCZ",
        "fr": "RCZ"
    },
    {
        "ar": "تيبي",
        "fr": "Tepee"
    }
]