[
    {
        "ar": "ٱماروك",
        "fr": "Amarok"
    },
    {
        "ar": "بيتل",
        "fr": "Beetle"
    },
    {
        "ar": "بورا",
        "fr": "Bora"
    },
    {
        "ar": "كادي",
        "fr": "Caddy"
    },
    {
        "ar": "كارافيل",
        "fr": "Caravelle"
    },
    {
        "ar": "سس",
        "fr": "CC"
    },
    {
        "ar": "كوسسينيلي",
        "fr": "COCCINELLE"
    },
    {
        "ar": "كومبي",
        "fr": "COMBI"
    },
    {
        "ar": "كورادو",
        "fr": "CORRADO"
    },
    {
        "ar": "كرافتير",
        "fr": "CRAFTER"
    },
    {
        "ar": "EOS",
        "fr": "EOS"
    },
    {
        "ar": "فوكس",
        "fr": "Fox"
    },
    {
        "ar": "ڭول",
        "fr": "Gol"
    },
    {
        "ar": "ڭولف",
        "fr": "Golf"
    },
    {
        "ar": "جولف 2",
        "fr": "GOLF 2"
    },
    {
        "ar": "جولف 3",
        "fr": "GOLF 3"
    },
    {
        "ar": "جولف 4",
        "fr": "GOLF 4"
    },
    {
        "ar": "جولف 5",
        "fr": "GOLF 5"
    },
    {
        "ar": "جولف 6",
        "fr": "GOLF 6"
    },
    {
        "ar": "جولف 7",
        "fr": "GOLF 7"
    },
    {
        "ar": "جولف بلوس",
        "fr": "GOLF PLUS"
    },
    {
        "ar": "جيطا",
        "fr": "Jetta"
    },
    {
        "ar": "كارمان",
        "fr": "KARMAN"
    },
    {
        "ar": "لت",
        "fr": "LT"
    },
    {
        "ar": "لوبو",
        "fr": "LUPO"
    },
    {
        "ar": "مولتيفان",
        "fr": "MULTIVAN"
    },
    {
        "ar": "نيو بييتلي",
        "fr": "NEW BEETLE"
    },
    {
        "ar": "باراتي",
        "fr": "PARATI"
    },
    {
        "ar": "باساط",
        "fr": "Passat"
    },
    {
        "ar": "باسات سيس",
        "fr": "PASSAT CC"
    },
    {
        "ar": "فايطون",
        "fr": "Phaeton"
    },
    {
        "ar": "پولو",
        "fr": "Polo"
    },
    {
        "ar": "سيروكو",
        "fr": "Scirocco"
    },
    {
        "ar": "شاران",
        "fr": "SHARAN"
    },
    {
        "ar": "تهينج",
        "fr": "THING"
    },
    {
        "ar": "تڭوان",
        "fr": "Tiguan"
    },
    {
        "ar": "توارڭ",
        "fr": "Touareg"
    },
    {
        "ar": "توران",
        "fr": "Touran"
    },
    {
        "ar": "ترانسبورتير",
        "fr": "TRANSPORTER"
    },
    {
        "ar": "وب",
        "fr": "UP"
    },
    {
        "ar": "ڤينطو",
        "fr": "Vento"
    }
]