[
    {
        "ar": "C30",
        "fr": "C30"
    },
    {
        "ar": "C70",
        "fr": "C70"
    },
    {
        "ar": "S40",
        "fr": "S40"
    },
    {
        "ar": "S60",
        "fr": "S60"
    },
    {
        "ar": "S80",
        "fr": "S80"
    },
    {
        "ar": "V40",
        "fr": "V40"
    },
    {
        "ar": "V40 Cross Country",
        "fr": "V40 Cross Country"
    },
    {
        "ar": "XC40",
        "fr": "XC40"
    },
    {
        "ar": "XC60",
        "fr": "XC60"
    },
    {
        "ar": "XC70",
        "fr": "XC70"
    },
    {
        "ar": "XC90",
        "fr": "XC90"
    }
]