[
    {
        "ar": "العكاري",
        "fr": "Aakkari"
    },
    {
        "ar": "حي ابي رقراق",
        "fr": "Abi Ragrag"
    },
    {
        "ar": "أكدال",
        "fr": "Agdal"
    },
    {
        "ar": "العرفان",
        "fr": "Al Irfane"
    },
    {
        "ar": "حي آخر",
        "fr": "Autre secteur"
    },
    {
        "ar": "الطيران",
        "fr": "Aviation"
    },
    {
        "ar": "حي الطيران - مابيلا",
        "fr": "Aviation - Mabella"
    },
    {
        "ar": "ديور الجامع",
        "fr": "Diour Jamaa"
    },
    {
        "ar": "دوار الحاجة",
        "fr": "Douar el Hajja"
    },
    {
        "ar": "اليوسفية",
        "fr": "El Youssoufia"
    },
    {
        "ar": "كيش الوداية",
        "fr": "Guich Oudaya"
    },
    {
        "ar": "حسان",
        "fr": "Hassan"
    },
    {
        "ar": "اكدال العالي",
        "fr": "Haut Agdal"
    },
    {
        "ar": "حي الفرح",
        "fr": "Hay Al Farah"
    },
    {
        "ar": "حي الرشاد",
        "fr": "Hay Arrachad"
    },
    {
        "ar": "حي الفتح",
        "fr": "Hay el Fath"
    },
    {
        "ar": "حي النهضة",
        "fr": "Hay Nahda"
    },
    {
        "ar": "حي الرياض",
        "fr": "Hay Riad"
    },
    {
        "ar": "السفراء",
        "fr": "Les Ambassadeurs"
    },
    {
        "ar": "حي الليمون",
        "fr": "Les Orangers"
    },
    {
        "ar": "الوداية",
        "fr": "Les Oudayas"
    },
    {
        "ar": "مابيلا",
        "fr": "Mabella"
    },
    {
        "ar": "المسيرة",
        "fr": "Massira"
    },
    {
        "ar": "المشور",
        "fr": "Mechouar"
    },
    {
        "ar": "المدينة",
        "fr": "Médina de Rabat"
    },
    {
        "ar": "حي المحيط",
        "fr": "Quartier de l'Océan"
    },
    {
        "ar": "الرياض",
        "fr": "Riyad"
    },
    {
        "ar": "توسعة الرياض",
        "fr": "Riyad Extension"
    },
    {
        "ar": "السويسي",
        "fr": "Souissi"
    },
    {
        "ar": "التقدم",
        "fr": "Taqaddoum"
    },
    {
        "ar": "يعقوب المنصور",
        "fr": "Yacoub El Mansour"
    },
    {
        "ar": "اليوسوفية",
        "fr": "Youssoufia"
    }
]