[
    {
        "ar": "عين السبع",
        "fr": "Ain Sebaa"
    },
    {
        "ar": "العلامة",
        "fr": "Al Alama"
    },
    {
        "ar": "البلدية",
        "fr": "Al Baladya"
    },
    {
        "ar": "المغربي العربي",
        "fr": "Al Maghrib Al Arabi"
    },
    {
        "ar": "العصام",
        "fr": "Assam"
    },
    {
        "ar": "حي آخر",
        "fr": "Autre secteur"
    },
    {
        "ar": "باب فاس",
        "fr": "Bab Fès"
    },
    {
        "ar": "بئر أنزران",
        "fr": "Bir Anzarane"
    },
    {
        "ar": "بير الرامي",
        "fr": "Bir Rami"
    },
    {
        "ar": "بئر الرامي الشرقية",
        "fr": "Bir Rami Est"
    },
    {
        "ar": "بير رامي الحي الصناعي",
        "fr": "Bir Rami Industriel"
    },
    {
        "ar": "بئر الرامي الغربية",
        "fr": "Bir Rami Ouest"
    },
    {
        "ar": "وسط المدينة",
        "fr": "Centre"
    },
    {
        "ar": "كورسيكا",
        "fr": "Corcica"
    },
    {
        "ar": "10000 ديور",
        "fr": "Diour 10000"
    },
    {
        "ar": "ديور صنياك",
        "fr": "Diour Sniak"
    },
    {
        "ar": "العصام",
        "fr": "El Assam"
    },
    {
        "ar": "الحدادة",
        "fr": "El Haddada"
    },
    {
        "ar": "الحوزية",
        "fr": "El Haouzia"
    },
    {
        "ar": "الاسماعيلية",
        "fr": "El Ismailia"
    },
    {
        "ar": "المنزه",
        "fr": "El Menzah"
    },
    {
        "ar": "الفوارات",
        "fr": "Fouarate"
    },
    {
        "ar": "الإنارة",
        "fr": "Inara"
    },
    {
        "ar": "الخبازات",
        "fr": "Khabazat"
    },
    {
        "ar": "القاعدة العسكرية",
        "fr": "La Base"
    },
    {
        "ar": "لاسيكون",
        "fr": "La Cigogne"
    },
    {
        "ar": "لاسيتي",
        "fr": "La Cité"
    },
    {
        "ar": "المدينة العليا",
        "fr": "La Ville Haute"
    },
    {
        "ar": "معمورة",
        "fr": "Maamora"
    },
    {
        "ar": "الملاح",
        "fr": "Mellah"
    },
    {
        "ar": "ميموزا",
        "fr": "Mimosas"
    },
    {
        "ar": "أولاد امبارك",
        "fr": "Ouled M'Barek"
    },
    {
        "ar": "أولاد أوجيه",
        "fr": "Ouled Oujih"
    },
    {
        "ar": "بام",
        "fr": "PAM"
    },
    {
        "ar": "حي الفتح",
        "fr": "Quartier Al Fath"
    },
    {
        "ar": "حي النهضة",
        "fr": "Quartier Nahda"
    },
    {
        "ar": "الصياد",
        "fr": "Seyad"
    },
    {
        "ar": "الطيبية",
        "fr": "Taïbia"
    },
    {
        "ar": "فال فلوري",
        "fr": "Val Fleury"
    },
    {
        "ar": "فيلاج",
        "fr": "Village"
    }
]