[
    {
        "id": "place",
        "image": "fa-user-alt",
        "tooltip": "nombre de places"
    },
    {
        "id": "porte",
        "image": "fa-window-maximize",
        "tooltip": "nombre de portes"
    },
    {
        "id": "type",
        "image": "fa-car",
        "tooltip": "le type de la voiture"
    },
    {
        "id": "climat",
        "image": "fa-snowflake",
        "tooltip": "le type de climatisation"
    },
    {
        "id": "boite",
        "image": "fa-cogs",
        "tooltip": "le type de la boite de vitesse"
    },
    {
        "id": "carburant",
        "image": "fa-gas-pump",
        "tooltip": "le type de carburant"
    }
]