[
    {
        "id" : "m-1",
        "ar": "أس",
        "fr": "Ac"
    },
    {
        "id" : "m-2",
        "ar": "أكريا",
        "fr": "Acrea"
    },
    {
        "id" : "m-3",
        "ar": "أكيرا",
        "fr": "Acura"
    },
    {
        "id" : "m-4",
        "ar": "الفا روميو",
        "fr": "Alfa Romeo"
    },
    {
        "id" : "m-5",
        "ar": "أسطون مارتان",
        "fr": "Aston Martin"
    },
    {
        "id" : "m-6",
        "ar": "أودي",
        "fr": "Audi"
    },
    {
        "id" : "m-7",
        "ar": "بنتلي",
        "fr": "Bentley"
    },
    {
        "id" : "m-8",
        "ar": "بي إم دبليو",
        "fr": "BMW"
    },
    {
        "id" : "m-9",
        "ar": "بي إي دي",
        "fr": "BYD"
    },
    {
        "id" : "m-10",
        "ar": "كادياك",
        "fr": "Cadillac"
    },
    {
        "id" : "m-11",
        "ar": "شانڭي",
        "fr": "Changhe"
    },
    {
        "id" : "m-12",
        "ar": "شيري",
        "fr": "Chery"
    },
    {
        "id" : "m-13",
        "ar": "شفروليه",
        "fr": "Chevrolet"
    },
    {
        "id" : "m-14",
        "ar": "كريسلر",
        "fr": "Chrysler"
    },
    {
        "id" : "m-15",
        "ar": "سطروين",
        "fr": "Citroen"
    },
    {
        "id" : "m-16",
        "ar": "داصيا",
        "fr": "Dacia"
    },
    {
        "id" : "m-17",
        "ar": "دايوو",
        "fr": "Daewoo"
    },
    {
        "id" : "m-18",
        "ar": "ديهاتسو",
        "fr": "Daihatsu"
    },
    {
        "id" : "m-19",
        "ar": "دودج",
        "fr": "Dodge"
    },
    {
        "id" : "m-20",
        "ar": "فيراري",
        "fr": "Ferrari"
    },
    {
        "id" : "m-21",
        "ar": "فياط",
        "fr": "Fiat"
    },
    {
        "id" : "m-22",
        "ar": "فورد",
        "fr": "Ford"
    },
    {
        "id" : "m-23",
        "ar": "فوطون",
        "fr": "Foton"
    },
    {
        "id" : "m-24",
        "ar": "جيلي",
        "fr": "Geely"
    },
    {
        "id" : "m-25",
        "ar": "جي إم سي",
        "fr": "GMC"
    },
    {
        "id" : "m-26",
        "ar": "هوندا",
        "fr": "Honda"
    },
    {
        "id" : "m-27",
        "ar": "هامر",
        "fr": "Hummer"
    },
    {
        "id" : "m-28",
        "ar": "هيونداي",
        "fr": "Hyundai"
    },
    {
        "id" : "m-29",
        "ar": "ٱنفنتي",
        "fr": "Infiniti"
    },
    {
        "id" : "m-30",
        "ar": "إيسوزو",
        "fr": "Isuzu"
    },
    {
        "id" : "m-31",
        "ar": "إيڨيكو",
        "fr": "Iveco"
    },
    {
        "id" : "m-32",
        "ar": "جاڭوار",
        "fr": "Jaguar"
    },
    {
        "id" : "m-33",
        "ar": "جيپ",
        "fr": "Jeep"
    },
    {
        "id" : "m-34",
        "ar": "كيا",
        "fr": "Kia"
    },
    {
        "id" : "m-35",
        "ar": "لامبرڭيني",
        "fr": "Lamborghini"
    },
    {
        "id" : "m-36",
        "ar": "لانسيا",
        "fr": "lancia"
    },
    {
        "id" : "m-37",
        "ar": "لاند روڨر",
        "fr": "Land Rover"
    },
    {
        "id" : "m-38",
        "ar": "لكسوس",
        "fr": "Lexus"
    },
    {
        "id" : "m-39",
        "ar": "لنكولين",
        "fr": "Lincoln"
    },
    {
        "id" : "m-40",
        "ar": "ماهندرا",
        "fr": "Mahindra"
    },
    {
        "id" : "m-41",
        "ar": "مان",
        "fr": "Man"
    },
    {
        "id" : "m-42",
        "ar": "ماسراتي",
        "fr": "Maserati"
    },
    {
        "id" : "m-43",
        "ar": "ماسي فيرڭوسون",
        "fr": "Masey Ferguson"
    },
    {
        "id" : "m-44",
        "ar": "مازدا",
        "fr": "Mazda"
    },
    {
        "id" : "m-45",
        "ar": "ميرسدس بنز",
        "fr": "Mercedes Benz"
    },
    {
        "id" : "m-46",
        "ar": "ميني",
        "fr": "mini"
    },
    {
        "id" : "m-47",
        "ar": "ميتسوبيشي",
        "fr": "Mitsubishi"
    },
    {
        "id" : "m-48",
        "ar": "نيسان",
        "fr": "Nissan"
    },
    {
        "id" : "m-49",
        "ar": "أوبيل",
        "fr": "Opel"
    },
    {
        "id" : "m-50",
        "ar": "بيجو",
        "fr": "Peugeot"
    },
    {
        "id" : "m-51",
        "ar": "بونتياك",
        "fr": "Pontiac"
    },
    {
        "id" : "m-52",
        "ar": "پورش",
        "fr": "Porsche"
    },
    {
        "id" : "m-53",
        "ar": "رونو",
        "fr": "Renault"
    },
    {
        "id" : "m-54",
        "ar": "روفر",
        "fr": "Rover"
    },
    {
        "id" : "m-55",
        "ar": "سياط",
        "fr": "Seat"
    },
    {
        "id" : "m-56",
        "ar": "سكودا",
        "fr": "Skoda"
    },
    {
        "id" : "m-57",
        "ar": "سمارت",
        "fr": "Smart"
    },
    {
        "id" : "m-58",
        "ar": "سانڭ يونڭ",
        "fr": "Ssangyong"
    },
    {
        "id" : "m-59",
        "ar": "سوبارو",
        "fr": "Subaru"
    },
    {
        "id" : "m-60",
        "ar": "سوزوكي",
        "fr": "Suzuki"
    },
    {
        "id" : "m-61",
        "ar": "طويوطا",
        "fr": "Toyota"
    },
    {
        "id" : "m-62",
        "ar": "يوفو",
        "fr": "UFO"
    },
    {
        "id" : "m-63",
        "ar": "ڤولزڤاڭن",
        "fr": "Volkswagen"
    },
    {
        "id" : "m-64",
        "ar": "ڤولڤو",
        "fr": "Volvo"
    },
    {
        "id" : "m-65",
        "ar": "زوتيي",
        "fr": "Zotye"
    },
    {
        "id" : "m-66",
        "ar": "ماركات أخرى",
        "fr": "Autres"
    }
]