[
  {
    "id": "c-1",
    "fr": "Casablanca",
    "ar": "الدار البيضاء"
  },
  {
    "id": "c-2",
    "fr": "Marrakech",
    "ar": "مراكش"
  },
  {
    "id": "c-3",
    "fr": "Agadir",
    "ar": "أكادير"
  },
  {
    "id": "c-4",
    "fr": "Rabat",
    "ar": "الرباط"
  },
  {
    "id": "c-5",
    "fr": "Tanger",
    "ar": "طنجة"
  },
  {
    "id": "c-6",
    "fr": "Kénitra",
    "ar": "القنيطرة"
  },
  {
    "fr": "Agdz",
    "ar": "أكدز"
  },
  {
    "fr": "Agourai",
    "ar": "اكوراي"
  },
  {
    "fr": "Ahfir",
    "ar": "أحفير"
  },
  {
    "fr": "Ain Attig",
    "ar": "عين عتيق"
  },
  {
    "fr": "Ain Bni Mathar",
    "ar": "عين بني مطهر"
  },
  {
    "fr": "Ain El Aouda",
    "ar": "عين العودة"
  },
  {
    "fr": "Ain Erreggada",
    "ar": "عين الركادة"
  },
  {
    "fr": "Ain Taoujdate",
    "ar": "عين تاوجطات"
  },
  {
    "fr": "Ait Baha",
    "ar": "آيت باها"
  },
  {
    "fr": "Ait Daoud",
    "ar": "آيت داوود"
  },
  {
    "fr": "Ait Iaaza",
    "ar": "آيت ايعزة"
  },
  {
    "fr": "Ait Melloul",
    "ar": "آيت ملول"
  },
  {
    "fr": "Ait Ourir",
    "ar": "آيت ورير"
  },
  {
    "fr": "Ajdir",
    "ar": "أجدير"
  },
  {
    "fr": "Akka",
    "ar": "أقا"
  },
  {
    "fr": "Aklim",
    "ar": "أكليم"
  },
  {
    "fr": "Aknoul",
    "ar": "أكنول"
  },
  {
    "fr": "Al Aaroui",
    "ar": "العروي"
  },
  {
    "fr": "Al Hoceima",
    "ar": "الحسيمة"
  },
  {
    "fr": "Al Machouar - Stinia",
    "ar": "المشور الستينية"
  },
  {
    "fr": "amaat Shaim",
    "ar": "جماعة سحيم"
  },
  {
    "fr": "Amizmiz",
    "ar": "أمزميز"
  },
  {
    "fr": "Arfoud",
    "ar": "أرفود"
  },
  {
    "fr": "Assa",
    "ar": "آسا"
  },
  {
    "fr": "Azemmour",
    "ar": "أزمور"
  },
  {
    "fr": "Azilal",
    "ar": "أزيلال"
  },
  {
    "fr": "Azrou",
    "ar": "أزرو"
  },
  {
    "fr": "Aïn Harrouda",
    "ar": "عين حرودة"
  },
  {
    "fr": "Bejaad",
    "ar": "أبي الجعد"
  },
  {
    "fr": "Ben Ahmed",
    "ar": "بن أحمد"
  },
  {
    "fr": "Ben Guerir",
    "ar": "بن جرير"
  },
  {
    "fr": "Ben Slimane",
    "ar": "بنسليمان"
  },
  {
    "fr": "Ben Taieb",
    "ar": "بن الطيب"
  },
  {
    "fr": "Berkane",
    "ar": "بركان"
  },
  {
    "fr": "Berrechid",
    "ar": "برشيد"
  },
  {
    "fr": "Bhalil",
    "ar": "البهاليل"
  },
  {
    "fr": "Biougra",
    "ar": "بيوكرة"
  },
  {
    "fr": "Bni Ansar",
    "ar": "بني انصار"
  },
  {
    "fr": "Bni Bouayach",
    "ar": "بني بوعياش"
  },
  {
    "fr": "Bni Drar",
    "ar": "بني درار"
  },
  {
    "fr": "Bouarfa",
    "ar": "بوعرفة"
  },
  {
    "fr": "Boudnib",
    "ar": "بوذنيب"
  },
  {
    "fr": "Boufakrane",
    "ar": "بوفكران"
  },
  {
    "fr": "Bouizakarne",
    "ar": "بويزكارن"
  },
  {
    "fr": "Boujdour",
    "ar": "بوجدور"
  },
  {
    "fr": "Boujniba",
    "ar": "بوجنيبة"
  },
  {
    "fr": "Boulemane",
    "ar": "بولمان"
  },
  {
    "fr": "Boumalne Dades",
    "ar": "بومالن دادس"
  },
  {
    "fr": "Bouskoura",
    "ar": "بوسكورة"
  },
  {
    "fr": "Bouznika",
    "ar": "بوزنيقة"
  },
  {
    "fr": "Béni Mellal",
    "ar": "بني ملال"
  },
  {
    "fr": "Chefchaouen",
    "ar": "شفشاون"
  },
  {
    "fr": "Chichaoua",
    "ar": "شيشاوة"
  },
  {
    "fr": "Dar Bouazza",
    "ar": "دار بوعزة"
  },
  {
    "fr": "Dar Gueddari",
    "ar": "دار الكداري"
  },
  {
    "fr": "Dcheira El Jihadia",
    "ar": "الدشيرة الجهادية"
  },
  {
    "fr": "Debdou",
    "ar": "دبدو"
  },
  {
    "fr": "Demnate",
    "ar": "دمنات"
  },
  {
    "fr": "Deroua",
    "ar": "الدروة"
  },
  {
    "fr": "Driouch",
    "ar": "الدريوش"
  },
  {
    "fr": "Echemmaia",
    "ar": "الشماعية"
  },
  {
    "fr": "Eddakhla",
    "ar": "الداخلة"
  },
  {
    "fr": "El Aioun Sidi Mellouk",
    "ar": "العيون سيدي ملوك"
  },
  {
    "fr": "El Gara",
    "ar": "الكارة"
  },
  {
    "fr": "El Guerdane",
    "ar": "الكردان"
  },
  {
    "fr": "El Hajeb",
    "ar": "الحاجب"
  },
  {
    "fr": "El Hanchane",
    "ar": "الحنشان"
  },
  {
    "fr": "El Jadida",
    "ar": "الجديدة"
  },
  {
    "fr": "El Kelâa des  Sraghna",
    "ar": "قلعة السراغنة"
  },
  {
    "fr": "El Ksiba",
    "ar": "القصيبة"
  },
  {
    "fr": "El Mansouria",
    "ar": "المنصورية"
  },
  {
    "fr": "El Marsa",
    "ar": "المرسى"
  },
  {
    "fr": "El Menzel",
    "ar": "المنزل"
  },
  {
    "fr": "El Ouatia",
    "ar": "الوطية"
  },
  {
    "fr": "Er-rich",
    "ar": "الريش"
  },
  {
    "fr": "Errachidia",
    "ar": "الرشيدية"
  },
  {
    "fr": "Es-Semara",
    "ar": "السمارة"
  },
  {
    "fr": "Essaouira",
    "ar": "الصويرة"
  },
  {
    "fr": "Fam El Hisn",
    "ar": "فم الحصن"
  },
  {
    "fr": "Fnideq",
    "ar": "الفنيدق"
  },
  {
    "fr": "Foum Zguid",
    "ar": "فم زكيد"
  },
  {
    "fr": "Fquih Ben Salah",
    "ar": "الفقيه بن صالح"
  },
  {
    "fr": "Fès",
    "ar": "فاس"
  },
  {
    "fr": "Ghafsai",
    "ar": "غفساي"
  },
  {
    "fr": "Goulmima",
    "ar": "كلميمة"
  },
  {
    "fr": "Guelmim",
    "ar": "كلميم"
  },
  {
    "fr": "Guercif",
    "ar": "جرسيف"
  },
  {
    "fr": "Had Kourt",
    "ar": "احد كورت"
  },
  {
    "fr": "Harhoura",
    "ar": "هرهورة"
  },
  {
    "fr": "Hattane",
    "ar": "حطان"
  },
  {
    "fr": "Ifrane",
    "ar": "إفران"
  },
  {
    "fr": "Imintanoute",
    "ar": "إمنتانوت"
  },
  {
    "fr": "Imouzzer Kandar",
    "ar": "إيموزار كندر"
  },
  {
    "fr": "Imouzzer Marmoucha",
    "ar": "إيموزار مرموشة"
  },
  {
    "fr": "Imzouren",
    "ar": "إمزورن"
  },
  {
    "fr": "Inezgane",
    "ar": "إنزكان"
  },
  {
    "fr": "Irherm",
    "ar": "إيغرم"
  },
  {
    "fr": "Jbarna",
    "ar": "كزناية"
  },
  {
    "fr": "Jerada",
    "ar": "جرادة"
  },
  {
    "fr": "Jorf El Melha",
    "ar": "جرف الملحة"
  },
  {
    "fr": "Kalaat M'Gouna",
    "ar": "قلعة مغونة"
  },
  {
    "fr": "Karia Ba Mohamed",
    "ar": "قرية با محمد"
  },
  {
    "fr": "Kasba Tadla",
    "ar": "قصبة تادلة"
  },
  {
    "fr": "Khouribga",
    "ar": "خريبكة"
  },
  {
    "fr": "Khémisset",
    "ar": "الخميسات"
  },
  {
    "fr": "Khénifra",
    "ar": "خنيفرة"
  },
  {
    "fr": "Ksar El Kebir",
    "ar": "القصر الكبير"
  },
  {
    "fr": "Laattaouia",
    "ar": "العطاوية"
  },
  {
    "fr": "Laayoune",
    "ar": "العيون"
  },
  {
    "fr": "Lagouira",
    "ar": "الكويرة"
  },
  {
    "fr": "Lahraouyine",
    "ar": "الهراويين"
  },
  {
    "fr": "Lakhsas",
    "ar": "الاخصاص"
  },
  {
    "fr": "Larache",
    "ar": "العرائش"
  },
  {
    "fr": "Lbir Jdid",
    "ar": "البئر الجديد"
  },
  {
    "fr": "Loulad",
    "ar": "لولاد"
  },
  {
    "fr": "Lqliaa",
    "ar": "القليعة"
  },
  {
    "fr": "M'Diq",
    "ar": "المضيق"
  },
  {
    "fr": "M'Rirt",
    "ar": "مريرت"
  },
  {
    "fr": "Martil",
    "ar": "مارتيل"
  },
  {
    "fr": "Mechraa Bel Ksiri",
    "ar": "مشرع بلقصيري"
  },
  {
    "fr": "Mediouna",
    "ar": "مديونة"
  },
  {
    "fr": "Mehdya",
    "ar": "المهدية"
  },
  {
    "fr": "Meknès",
    "ar": "مكناس"
  },
  {
    "fr": "Midar",
    "ar": "ميضار"
  },
  {
    "fr": "Midelt",
    "ar": "ميدلت"
  },
  {
    "fr": "Missour",
    "ar": "ميسور"
  },
  {
    "fr": "Mohammédia",
    "ar": "المحمدية"
  },
  {
    "fr": "Moulay Ali Cherif",
    "ar": "مولاي علي شريف"
  },
  {
    "fr": "Moulay Driss Zerhoun",
    "ar": "مولاي إدريس زرهون"
  },
  {
    "fr": "Moulay Yacoub",
    "ar": "مولاي يعقوب"
  },
  {
    "fr": "Méchouar Fès Jdid",
    "ar": "المشور فاس الجديد"
  },
  {
    "fr": "Méchouar-Kasba",
    "ar": "المشور القصبة"
  },
  {
    "fr": "Nador",
    "ar": "الناظور"
  },
  {
    "fr": "Naima",
    "ar": "النعيمة"
  },
  {
    "fr": "Nouaceur",
    "ar": "النواصر"
  },
  {
    "fr": "Ouarzazate",
    "ar": "ورززات"
  },
  {
    "fr": "Oued Amlil",
    "ar": "واد أمليل"
  },
  {
    "fr": "Oued Laou",
    "ar": "واد لو"
  },
  {
    "fr": "Oued Zem",
    "ar": "وادي زم"
  },
  {
    "fr": "Ouezzane",
    "ar": "وزان"
  },
  {
    "fr": "Ouislane",
    "ar": "ويسلان"
  },
  {
    "fr": "Oujda",
    "ar": "وجدة"
  },
  {
    "fr": "Oulad Abbou",
    "ar": "أولاد عبو"
  },
  {
    "fr": "Oulad Berhil",
    "ar": "أولاد برحيل"
  },
  {
    "fr": "Oulad Mrah",
    "ar": "أولاد امراح"
  },
  {
    "fr": "Oulad Teima",
    "ar": "أولاد تايمة"
  },
  {
    "fr": "Ouled Ayad",
    "ar": "أولاد عياد"
  },
  {
    "fr": "Outat El Haj",
    "ar": "أوطاط الحاج"
  },
  {
    "fr": "Ras El Ma",
    "ar": "رأس الماء"
  },
  {
    "fr": "Ribate El Kheir",
    "ar": "رباط الخير"
  },
  {
    "fr": "Rommani",
    "ar": "الرماني"
  },
  {
    "fr": "Sabaa Aiyoun",
    "ar": "سبع عيون"
  },
  {
    "fr": "Safi",
    "ar": "آسفي"
  },
  {
    "fr": "Saidia",
    "ar": "السعيدية"
  },
  {
    "fr": "Salé",
    "ar": "سلا"
  },
  {
    "fr": "Sebt Gzoula",
    "ar": "سبت كزولة"
  },
  {
    "fr": "Sefrou",
    "ar": "صفرو"
  },
  {
    "fr": "Selouane",
    "ar": "سلوان"
  },
  {
    "fr": "Settat",
    "ar": "سطات"
  },
  {
    "fr": "Sidi Allal El Bahraoui",
    "ar": "سيدي علال البحراوي"
  },
  {
    "fr": "Sidi Bennour",
    "ar": "سيدي بنور"
  },
  {
    "fr": "Sidi Bou Othmane",
    "ar": "سيدي بوعثمان"
  },
  {
    "fr": "Sidi Bouknadel",
    "ar": "سيدي بوقنادل"
  },
  {
    "fr": "Sidi Ifni",
    "ar": "سيدي إفني"
  },
  {
    "fr": "Sidi Kacem",
    "ar": "سيدي قاسم"
  },
  {
    "fr": "Sidi Rahhal",
    "ar": "سيدي رحال"
  },
  {
    "fr": "Sidi Rahhal Chataï",
    "ar": "سيدي رحال الشاطئ"
  },
  {
    "fr": "Sidi Slimane",
    "ar": "سيدي سليمان"
  },
  {
    "fr": "Sidi Slimane Echcharraa",
    "ar": "سيدي سليمان الشراعة"
  },
  {
    "fr": "Sidi Yahya El Gharb",
    "ar": "سيدي يحيى الغرب"
  },
  {
    "fr": "Skhirate",
    "ar": "الصخيرات"
  },
  {
    "fr": "Soualem",
    "ar": "حد السوالم"
  },
  {
    "fr": "Souk El Arbaa",
    "ar": "سوق الأربعاء"
  },
  {
    "fr": "Souk Sebt Ouled Nemma",
    "ar": "سوق السبت أولاد النمة"
  },
  {
    "fr": "Tafraouten",
    "ar": "تافراوت"
  },
  {
    "fr": "Tahannaout",
    "ar": "تحناوت"
  },
  {
    "fr": "Tahla",
    "ar": "تاهلة"
  },
  {
    "fr": "Taliouine",
    "ar": "تاليوين"
  },
  {
    "fr": "Talmest",
    "ar": "تالمست"
  },
  {
    "fr": "Tamallalt",
    "ar": "تملالت"
  },
  {
    "fr": "Tamanar",
    "ar": "تمنار"
  },
  {
    "fr": "Tan-Tan",
    "ar": "طانطان"
  },
  {
    "fr": "Taounate",
    "ar": "تاونات"
  },
  {
    "fr": "Taourirt",
    "ar": "تاوريرت"
  },
  {
    "fr": "Tarfaya",
    "ar": "طرفاية"
  },
  {
    "fr": "Targuist",
    "ar": "تارجيست"
  },
  {
    "fr": "Taroudannt",
    "ar": "تارودانت"
  },
  {
    "fr": "Tata",
    "ar": "طاطا"
  },
  {
    "fr": "Taza",
    "ar": "تازة"
  },
  {
    "fr": "Taznakht",
    "ar": "تازناخت"
  },
  {
    "fr": "Thar Es-souk",
    "ar": "طهر السوق"
  },
  {
    "fr": "Tiflet",
    "ar": "تيفلت"
  },
  {
    "fr": "Tinejdad",
    "ar": "تنجداد"
  },
  {
    "fr": "Tinghir",
    "ar": "تنغير"
  },
  {
    "fr": "Tissa",
    "ar": "تيسة"
  },
  {
    "fr": "Tit Mellil",
    "ar": "تيط مليل"
  },
  {
    "fr": "Tiznit",
    "ar": "تزنيت"
  },
  {
    "fr": "Touarga",
    "ar": "التواركة"
  },
  {
    "fr": "Touissit",
    "ar": "تويسيت"
  },
  {
    "fr": "Toulal",
    "ar": "تولال"
  },
  {
    "fr": "Témara",
    "ar": "تمارة"
  },
  {
    "fr": "Tétouan",
    "ar": "تطوان"
  },
  {
    "fr": "Youssoufia",
    "ar": "اليوسفية"
  },
  {
    "fr": "Zag",
    "ar": "الزاك"
  },
  {
    "fr": "Zagora",
    "ar": "زاكورة"
  },
  {
    "fr": "Zaio",
    "ar": "زايو"
  },
  {
    "fr": "Zaouiat Cheikh",
    "ar": "زاوية الشيخ"
  },
  {
    "fr": "Zeghanghane",
    "ar": "أزغنغان"
  },
  {
    "fr": "Zemamra",
    "ar": "زمامرة"
  }
]