[
    {
        "ar": "ألنت",
        "fr": "Allante"
    },
    {
        "ar": "ب ل س",
        "fr": "BLS"
    },
    {
        "ar": "برووغام",
        "fr": "Brougham"
    },
    {
        "ar": "س ت س",
        "fr": "CTS"
    },
    {
        "ar": "ديفيل",
        "fr": "DeVille"
    },
    {
        "ar": "د ل س",
        "fr": "DLS"
    },
    {
        "ar": "دي تي اس",
        "fr": "DTS"
    },
    {
        "ar": "الدورادو",
        "fr": "Eldorado"
    },
    {
        "ar": "إيسكالاد",
        "fr": "Escalade"
    },
    {
        "ar": "فليتوود",
        "fr": "Fleetwood"
    },
    {
        "ar": "سيفيل",
        "fr": "Seville"
    },
    {
        "ar": "س ل س",
        "fr": "SLS"
    },
    {
        "ar": "س ر اكس",
        "fr": "SRX"
    },
    {
        "ar": "س ت س",
        "fr": "STS"
    },
    {
        "ar": "اكس ل ر",
        "fr": "XLR"
    }
]