[
    {
        "ar": "دوكر",
        "fr": "Dokker"
    },
    {
        "ar": "دوكر فان",
        "fr": "Dokker Van"
    },
    {
        "ar": "دوستر",
        "fr": "Duster"
    },
    {
        "ar": "لودجي",
        "fr": "Lodgy"
    },
    {
        "ar": "لوجان",
        "fr": "Logan"
    },
    {
        "ar": "لوجان مسف",
        "fr": "Logan Mcv"
    },
    {
        "ar": "بيكك-وب دووبلي كاب",
        "fr": "Pick-Up Double Cab"
    },
    {
        "ar": "بيكوب",
        "fr": "Pickup"
    },
    {
        "ar": "صاندرو",
        "fr": "Sandero"
    },
    {
        "ar": "سولينزا",
        "fr": "Solenza"
    }
]