[
    {
        "ar": "126",
        "fr": "126"
    },
    {
        "ar": "127",
        "fr": "127"
    },
    {
        "ar": "131",
        "fr": "131"
    },
    {
        "ar": "500",
        "fr": "500"
    },
    {
        "ar": "500س",
        "fr": "500C"
    },
    {
        "ar": "500ل",
        "fr": "500L"
    },
    {
        "ar": "500كس",
        "fr": "500X"
    },
    {
        "ar": "ألبيا",
        "fr": "Albea"
    },
    {
        "ar": "بارشيتتا",
        "fr": "BARCHETTA"
    },
    {
        "ar": "برتون",
        "fr": "BERTONE"
    },
    {
        "ar": "برافا",
        "fr": "BRAVA"
    },
    {
        "ar": "برافو",
        "fr": "Bravo"
    },
    {
        "ar": "بورستنير",
        "fr": "BURSTNER"
    },
    {
        "ar": "سينكيويسينتو",
        "fr": "CINQUECENTO"
    },
    {
        "ar": "كروما",
        "fr": "CROMA"
    },
    {
        "ar": "دوبلو",
        "fr": "Doblo"
    },
    {
        "ar": "دوكاتو",
        "fr": "Ducato"
    },
    {
        "ar": "فيورينو",
        "fr": "FIORINO"
    },
    {
        "ar": "فرييمونت",
        "fr": "FREEMONT"
    },
    {
        "ar": "جراندي بونتو",
        "fr": "GRANDE PUNTO"
    },
    {
        "ar": "يديا",
        "fr": "IDEA"
    },
    {
        "ar": "لينيا",
        "fr": "Linea"
    },
    {
        "ar": "ماريا",
        "fr": "MAREA"
    },
    {
        "ar": "مولتيبلا",
        "fr": "MULTIPLA"
    },
    {
        "ar": "باليو",
        "fr": "Palio"
    },
    {
        "ar": "باندا",
        "fr": "Panda"
    },
    {
        "ar": "بينتو",
        "fr": "Pinto"
    },
    {
        "ar": "بونتو",
        "fr": "Punto"
    },
    {
        "ar": "ريجاتا",
        "fr": "REGATA"
    },
    {
        "ar": "ريتمو",
        "fr": "RITMO"
    },
    {
        "ar": "سكودو",
        "fr": "Scudo"
    },
    {
        "ar": "سيديسي",
        "fr": "SEDICI"
    },
    {
        "ar": "سييكينتو",
        "fr": "SEICENTO"
    },
    {
        "ar": "سيينا",
        "fr": "Siena"
    },
    {
        "ar": "ستيلو",
        "fr": "STILO"
    },
    {
        "ar": "تيمبرا",
        "fr": "TEMPRA"
    },
    {
        "ar": "تيبو",
        "fr": "TIPO"
    },
    {
        "ar": "وليسي",
        "fr": "ULYSSE"
    },
    {
        "ar": "ٱونو",
        "fr": "Uno"
    }
]