[
    {
        "ar": "جي كا جي إل",
        "fr": "GK-GL"
    },
    {
        "ar": "جي كا جي إس",
        "fr": "GK-GS"
    },
    {
        "ar": "جي كا جي تي",
        "fr": "GK-GT"
    },
    {
        "ar": "ال سي",
        "fr": "LC"
    },
    {
        "ar": "ام كا جي ال",
        "fr": "MK-GL"
    },
    {
        "ar": "ام كا جي اس",
        "fr": "MK-GS"
    },
    {
        "ar": "ام كا جي تي",
        "fr": "MK-GT"
    },
    {
        "ar": "زوتيي",
        "fr": "Zotye"
    }
]