[
    {
        "ar": "E-PACE",
        "fr": "E-PACE"
    },
    {
        "ar": "F-PACE",
        "fr": "F-PACE"
    },
    {
        "ar": "إف تايپ",
        "fr": "F-Type"
    },
    {
        "ar": "إس تايب",
        "fr": "S-Type"
    },
    {
        "ar": "صوفراين",
        "fr": "Sovreign"
    },
    {
        "ar": "إكس تايپ",
        "fr": "X-Type"
    },
    {
        "ar": "XE",
        "fr": "XE"
    },
    {
        "ar": "إكس إف",
        "fr": "XF"
    },
    {
        "ar": "إكس جي",
        "fr": "XJ"
    },
    {
        "ar": "إكس جي6",
        "fr": "XJ6"
    },
    {
        "ar": "إكس جي8",
        "fr": "XJ8"
    },
    {
        "ar": "إكس كا8",
        "fr": "XK8"
    },
    {
        "ar": "إكس كا إر",
        "fr": "XKR"
    }
]