[
    {
        "ar": "شيروكي",
        "fr": "Cherokee"
    },
    {
        "ar": "سج5",
        "fr": "CJ5"
    },
    {
        "ar": "كوماندر",
        "fr": "Commander"
    },
    {
        "ar": "كومباس",
        "fr": "Compass"
    },
    {
        "ar": "دالاس",
        "fr": "DALLAS"
    },
    {
        "ar": "شيروكي كبيرة",
        "fr": "Grand Cherokee"
    },
    {
        "ar": "كايسير",
        "fr": "KAISSER"
    },
    {
        "ar": "ليبرتي",
        "fr": "Liberty"
    },
    {
        "ar": "م151 موتت",
        "fr": "M151 MUTT"
    },
    {
        "ar": "باتريوت",
        "fr": "Patriot"
    },
    {
        "ar": "رنجدي",
        "fr": "Renegade"
    },
    {
        "ar": "ورانكلر",
        "fr": "Wrangler"
    }
]