[
    {
        "ar": "ديفندر",
        "fr": "Defender"
    },
    {
        "ar": "ديسكوفري",
        "fr": "Discovery"
    },
    {
        "ar": "ديسكوفري سبورت",
        "fr": "Discovery Sport"
    },
    {
        "ar": "فريلاندر",
        "fr": "Freelander"
    },
    {
        "ar": "رينج روفر",
        "fr": "Range Rover"
    },
    {
        "ar": "رينج روفر إيفوك",
        "fr": "Range Rover Evoque"
    },
    {
        "ar": "رينج روفر سبورت",
        "fr": "Range Rover Sport"
    },
    {
        "ar": "Velar",
        "fr": "Velar"
    }
]