[
    {
        "ar": "190",
        "fr": "190"
    },
    {
        "ar": "207د",
        "fr": "207D"
    },
    {
        "ar": "210",
        "fr": "210"
    },
    {
        "ar": "220",
        "fr": "220"
    },
    {
        "ar": "230",
        "fr": "230"
    },
    {
        "ar": "240",
        "fr": "240"
    },
    {
        "ar": "250",
        "fr": "250"
    },
    {
        "ar": "260",
        "fr": "260"
    },
    {
        "ar": "270",
        "fr": "270"
    },
    {
        "ar": "280",
        "fr": "280"
    },
    {
        "ar": "300",
        "fr": "300"
    },
    {
        "ar": "310د",
        "fr": "310D"
    },
    {
        "ar": "400",
        "fr": "400"
    },
    {
        "ar": "408",
        "fr": "408"
    },
    {
        "ar": "410",
        "fr": "410"
    },
    {
        "ar": "412",
        "fr": "412"
    },
    {
        "ar": "560",
        "fr": "560"
    },
    {
        "ar": "608",
        "fr": "608"
    },
    {
        "ar": "امج جت",
        "fr": "AMG GT"
    },
    {
        "ar": "سيتان",
        "fr": "CITAN"
    },
    {
        "ar": "كلاس A",
        "fr": "Classe A"
    },
    {
        "ar": "كلاس B",
        "fr": "Classe B"
    },
    {
        "ar": "كلاس C",
        "fr": "Classe C"
    },
    {
        "ar": "كلاسي سي كووبي",
        "fr": "CLASSE C COUPE"
    },
    {
        "ar": "كلاس CL",
        "fr": "Classe CL"
    },
    {
        "ar": "كلاس CLA",
        "fr": "Classe CLA"
    },
    {
        "ar": "كلاسي كلس",
        "fr": "CLASSE CLC"
    },
    {
        "ar": "كلاس CLK",
        "fr": "Classe CLK"
    },
    {
        "ar": "كلاس CLS",
        "fr": "Classe CLS"
    },
    {
        "ar": "كلاس E",
        "fr": "Classe E"
    },
    {
        "ar": "كلاس G",
        "fr": "Classe G"
    },
    {
        "ar": "كلاس GL",
        "fr": "Classe GL"
    },
    {
        "ar": "كلاس GLA",
        "fr": "Classe GLA"
    },
    {
        "ar": "كلاس GLC",
        "fr": "Classe GLC"
    },
    {
        "ar": "كلاس GLE",
        "fr": "Classe GLE"
    },
    {
        "ar": "كلاسي جلك",
        "fr": "CLASSE GLK"
    },
    {
        "ar": "كلاس GLS",
        "fr": "Classe GLS"
    },
    {
        "ar": "كلاس M",
        "fr": "Classe M"
    },
    {
        "ar": "كلاسي مل",
        "fr": "CLASSE ML"
    },
    {
        "ar": "كلاسي ر",
        "fr": "CLASSE R"
    },
    {
        "ar": "كلاس S",
        "fr": "Classe S"
    },
    {
        "ar": "كلاس SL",
        "fr": "Classe SL"
    },
    {
        "ar": "كلاسي إسلس",
        "fr": "CLASSE SLC"
    },
    {
        "ar": "كلاس SLK",
        "fr": "Classe SLK"
    },
    {
        "ar": "كلاسي إسلر",
        "fr": "CLASSE SLR"
    },
    {
        "ar": "كلاسي إسلس",
        "fr": "CLASSE SLS"
    },
    {
        "ar": "كلاس V",
        "fr": "Classe V"
    },
    {
        "ar": "مب",
        "fr": "MB"
    },
    {
        "ar": "رواد إستار",
        "fr": "ROAD STAR"
    },
    {
        "ar": "سبرينتر",
        "fr": "Sprinter"
    },
    {
        "ar": "وتيليتايري",
        "fr": "UTILITAIRE"
    },
    {
        "ar": "فانيو",
        "fr": "VANEO"
    },
    {
        "ar": "فيانو",
        "fr": "Viano"
    },
    {
        "ar": "فيطو",
        "fr": "Vito"
    }
]