[
    {
        "ar": "كانتر",
        "fr": "canter"
    },
    {
        "ar": "L200",
        "fr": "L200"
    },
    {
        "ar": "لانسر",
        "fr": "lancer"
    },
    {
        "ar": "ناتيفا",
        "fr": "nativa"
    },
    {
        "ar": "آوتلاندر",
        "fr": "outlander"
    },
    {
        "ar": "باجيرو",
        "fr": "pajero"
    },
    {
        "ar": "باجيرو سبورت",
        "fr": "pajero sport"
    },
    {
        "ar": "بيك آب",
        "fr": "pick up"
    }
]