[
    {
        "ar": "911 كاريرا",
        "fr": "911 Carrera"
    },
    {
        "ar": "911 تيربو",
        "fr": "911 Turbo"
    },
    {
        "ar": "بوكستر",
        "fr": "Boxster"
    },
    {
        "ar": "كاريرا GT",
        "fr": "Carrera GT"
    },
    {
        "ar": "كايين",
        "fr": "Cayenne"
    },
    {
        "ar": "كايمان",
        "fr": "Cayman"
    },
    {
        "ar": "ماكان",
        "fr": "Macan"
    },
    {
        "ar": "باناميرا",
        "fr": "Panamera"
    }
]