[
    {
        "ar": "12",
        "fr": "12"
    },
    {
        "ar": "14",
        "fr": "14"
    },
    {
        "ar": "16",
        "fr": "16"
    },
    {
        "ar": "19",
        "fr": "19"
    },
    {
        "ar": "30",
        "fr": "30"
    },
    {
        "ar": "افانتيمي",
        "fr": "Avantime"
    },
    {
        "ar": "ب110",
        "fr": "B110"
    },
    {
        "ar": "ب120",
        "fr": "B120"
    },
    {
        "ar": "ب80",
        "fr": "B80"
    },
    {
        "ar": "كابتور",
        "fr": "Captur"
    },
    {
        "ar": "كليو",
        "fr": "Clio"
    },
    {
        "ar": "إسباس",
        "fr": "Espace"
    },
    {
        "ar": "يستافيتتي",
        "fr": "Estafette"
    },
    {
        "ar": "يكسبريس",
        "fr": "Express"
    },
    {
        "ar": "فليونس",
        "fr": "Fluence"
    },
    {
        "ar": "فويجو",
        "fr": "Fuego"
    },
    {
        "ar": "إسباس كبيرة",
        "fr": "Grand Espace"
    },
    {
        "ar": "جراند مودوس",
        "fr": "Grand Modus"
    },
    {
        "ar": "جراند إسسينيك",
        "fr": "Grand Scenic"
    },
    {
        "ar": "كادجار",
        "fr": "Kadjar"
    },
    {
        "ar": "كونغو",
        "fr": "Kangoo"
    },
    {
        "ar": "كونغو إكسبريس",
        "fr": "Kangoo Express"
    },
    {
        "ar": "كوليوس",
        "fr": "Koleos"
    },
    {
        "ar": "لاغونة",
        "fr": "Laguna"
    },
    {
        "ar": "لاكونا كوب",
        "fr": "Laguna Coupe"
    },
    {
        "ar": "لاجونا يستاتي",
        "fr": "Laguna Estate"
    },
    {
        "ar": "لاتيتود",
        "fr": "Latitude"
    },
    {
        "ar": "ماسكوتت",
        "fr": "Mascott"
    },
    {
        "ar": "ماستر",
        "fr": "Master"
    },
    {
        "ar": "ماستر سسب",
        "fr": "Master Ccb"
    },
    {
        "ar": "ميغان",
        "fr": "Megane"
    },
    {
        "ar": "ميغان 3",
        "fr": "Megane 3"
    },
    {
        "ar": "ميجاني كابريوليت",
        "fr": "Megane Cabriolet"
    },
    {
        "ar": "ميجاني سيس",
        "fr": "Megane CC"
    },
    {
        "ar": "ميغان كوبي",
        "fr": "Megane Coupe"
    },
    {
        "ar": "ميجاني يستاتي",
        "fr": "Megane Estate"
    },
    {
        "ar": "ميغان سيدان",
        "fr": "Megane Sedan"
    },
    {
        "ar": "ميسينجير",
        "fr": "Messenger"
    },
    {
        "ar": "ميكروبوس",
        "fr": "Microbus"
    },
    {
        "ar": "ميدلوم",
        "fr": "Midlum"
    },
    {
        "ar": "مودوس",
        "fr": "Modus"
    },
    {
        "ar": "نيفادا",
        "fr": "Nevada"
    },
    {
        "ar": "ر11",
        "fr": "R11"
    },
    {
        "ar": "ر18",
        "fr": "R18"
    },
    {
        "ar": "ر19",
        "fr": "R19"
    },
    {
        "ar": "ر20",
        "fr": "R20"
    },
    {
        "ar": "ر21",
        "fr": "R21"
    },
    {
        "ar": "ر25",
        "fr": "R25"
    },
    {
        "ar": "ر4",
        "fr": "R4"
    },
    {
        "ar": "ر5",
        "fr": "R5"
    },
    {
        "ar": "ر8",
        "fr": "R8"
    },
    {
        "ar": "ر9",
        "fr": "R9"
    },
    {
        "ar": "سافران",
        "fr": "Safrane"
    },
    {
        "ar": "سامسونع س م 3",
        "fr": "Samsung SM3"
    },
    {
        "ar": "سنيك",
        "fr": "Scenic"
    },
    {
        "ar": "سبيدير",
        "fr": "Spider"
    },
    {
        "ar": "سوبير 5",
        "fr": "Super 5"
    },
    {
        "ar": "سامبول",
        "fr": "Symbol"
    },
    {
        "ar": "تاليسمان",
        "fr": "Talisman"
    },
    {
        "ar": "ترافيك",
        "fr": "Trafic"
    },
    {
        "ar": "توينغو",
        "fr": "Twingo"
    },
    {
        "ar": "تويزي",
        "fr": "Twizy"
    },
    {
        "ar": "فل ستيس",
        "fr": "Vel Satis"
    },
    {
        "ar": "زوي",
        "fr": "Zoe"
    }
]