[
    {
        "ar": "الهامبرا",
        "fr": "ALHAMBRA"
    },
    {
        "ar": "آلتيا",
        "fr": "Altea"
    },
    {
        "ar": "التيا كسل",
        "fr": "ALTEA XL"
    },
    {
        "ar": "اروسا",
        "fr": "AROSA"
    },
    {
        "ar": "أتيكا",
        "fr": "Ateca"
    },
    {
        "ar": "كوردوبا",
        "fr": "Cordoba"
    },
    {
        "ar": "إكزيو",
        "fr": "Exeo"
    },
    {
        "ar": "إيبيزا",
        "fr": "Ibiza"
    },
    {
        "ar": "ينكا",
        "fr": "INCA"
    },
    {
        "ar": "ليون",
        "fr": "Leon"
    },
    {
        "ar": "ليون إست",
        "fr": "LEON ST"
    },
    {
        "ar": "مالاجا",
        "fr": "MALAGA"
    },
    {
        "ar": "ماربيلا",
        "fr": "MARBELLA"
    },
    {
        "ar": "طوليدو",
        "fr": "Toledo"
    },
    {
        "ar": "فاريو",
        "fr": "VARIO"
    }
]