[
    {
        "ar": "فابيا",
        "fr": "Fabia"
    },
    {
        "ar": "فافوريت",
        "fr": "FAVORIT"
    },
    {
        "ar": "فيليسيا",
        "fr": "FELICIA"
    },
    {
        "ar": "كاروك",
        "fr": "Karoq"
    },
    {
        "ar": "كودياك",
        "fr": "Kodiaq"
    },
    {
        "ar": "أوكطافيا",
        "fr": "Octavia"
    },
    {
        "ar": "رابيد",
        "fr": "RAPID"
    },
    {
        "ar": "رومستر",
        "fr": "Roomster"
    },
    {
        "ar": "سوبرب",
        "fr": "Superb"
    },
    {
        "ar": "ييتي",
        "fr": "Yeti"
    }
]