[
    {
        "ar": "أكتيون",
        "fr": "Actyon"
    },
    {
        "ar": "سيو",
        "fr": "Ceo"
    },
    {
        "ar": "فاميلي",
        "fr": "FAMILY"
    },
    {
        "ar": "فاو",
        "fr": "FAW"
    },
    {
        "ar": "كوراندو",
        "fr": "Korando"
    },
    {
        "ar": "كيرون",
        "fr": "Kyron"
    },
    {
        "ar": "ريكستون",
        "fr": "Rexton"
    },
    {
        "ar": "روديوس",
        "fr": "Rodius"
    },
    {
        "ar": "ستافيك",
        "fr": "STAVIC"
    }
]