[
    {
        "ar": "ايريو",
        "fr": "AERIO"
    },
    {
        "ar": "آلطو",
        "fr": "Alto"
    },
    {
        "ar": "ابف",
        "fr": "APV"
    },
    {
        "ar": "بالينو",
        "fr": "BALENO"
    },
    {
        "ar": "كاري",
        "fr": "Carry"
    },
    {
        "ar": "سليريو",
        "fr": "Celerio"
    },
    {
        "ar": "فيتارة كبيرة",
        "fr": "Grand Vitara"
    },
    {
        "ar": "يجنيس",
        "fr": "IGNIS"
    },
    {
        "ar": "جيمي",
        "fr": "Jimmy"
    },
    {
        "ar": "جيمني",
        "fr": "JIMNY"
    },
    {
        "ar": "ليانا",
        "fr": "LIANA"
    },
    {
        "ar": "ماروتي",
        "fr": "Maruti"
    },
    {
        "ar": "ساموراي",
        "fr": "SAMURAI"
    },
    {
        "ar": "سبلاش",
        "fr": "SPLASH"
    },
    {
        "ar": "سويفت",
        "fr": "Swift"
    },
    {
        "ar": "SX4",
        "fr": "SX4"
    },
    {
        "ar": "فيتارة",
        "fr": "Vitara"
    },
    {
        "ar": "واجون ر",
        "fr": "WAGON R"
    },
    {
        "ar": "كس-90",
        "fr": "X-90"
    },
    {
        "ar": "كسل7",
        "fr": "XL7"
    }
]