[
    {
        "ar": "كابريوليت",
        "fr": "CABRIOLET"
    },
    {
        "ar": "كومباكت",
        "fr": "COMPACT"
    },
    {
        "ar": "إم",
        "fr": "M"
    },
    {
        "ar": "ﺈﻣ 3",
        "fr": "M3"
    },
    {
        "ar": "ﺈﻣ 4",
        "fr": "M4"
    },
    {
        "ar": "ﺈﻣ 5",
        "fr": "M5"
    },
    {
        "ar": "ﺈﻣ 6",
        "fr": "M6"
    },
    {
        "ar": "سلسلة 1",
        "fr": "Serie 1"
    },
    {
        "ar": "سيريي 2",
        "fr": "Serie 2"
    },
    {
        "ar": "سلسلة 2 اكتيف تورر",
        "fr": "Serie 2 active toure"
    },
    {
        "ar": "سلسلة 2 كوبي",
        "fr": "Serie 2 coupé"
    },
    {
        "ar": "سلسلة 3",
        "fr": "Serie 3"
    },
    {
        "ar": "سيريي 3 جت",
        "fr": "Serie 3 GT"
    },
    {
        "ar": "سلسلة 4",
        "fr": "Serie 4"
    },
    {
        "ar": "سلسلة 4 كابريوليت",
        "fr": "Serie 4 cabriolet"
    },
    {
        "ar": "سلسلة 4 كوبي",
        "fr": "Serie 4 coupé"
    },
    {
        "ar": "سلسلة 4 غران كوبي",
        "fr": "Serie 4 gran coupé"
    },
    {
        "ar": "سلسلة 5",
        "fr": "Serie 5"
    },
    {
        "ar": "سلسلة 5 جت",
        "fr": "Serie 5 GT"
    },
    {
        "ar": "سلسلة 5 م2",
        "fr": "Serie 5 M2"
    },
    {
        "ar": "سلسلة 6",
        "fr": "Serie 6"
    },
    {
        "ar": "سلسلة 6 جت",
        "fr": "Serie 6 GT"
    },
    {
        "ar": "سلسلة 7",
        "fr": "Serie 7"
    },
    {
        "ar": "سلسلة 8",
        "fr": "Serie 8"
    },
    {
        "ar": "سلسلة 2 برلين",
        "fr": "Serie 8 berline"
    },
    {
        "ar": "سلسلة 8 كابريوليت",
        "fr": "Serie 8 cabriolet"
    },
    {
        "ar": "سلسلة 8 كوبي",
        "fr": "Serie 8 coupé"
    },
    {
        "ar": "إكس 1",
        "fr": "X1"
    },
    {
        "ar": "2 إكس",
        "fr": "X2"
    },
    {
        "ar": "إكس 3",
        "fr": "X3"
    },
    {
        "ar": "إكس 4",
        "fr": "X4"
    },
    {
        "ar": "إكس 5",
        "fr": "X5"
    },
    {
        "ar": "إكس 6",
        "fr": "X6"
    },
    {
        "ar": "7 إكس",
        "fr": "X7"
    },
    {
        "ar": "ز 1",
        "fr": "Z1"
    },
    {
        "ar": "ز 3",
        "fr": "Z3"
    },
    {
        "ar": "ز 4",
        "fr": "Z4"
    },
    {
        "ar": "ز 8",
        "fr": "Z8"
    }
]